ReqName,ComponentName,Created time,Engineer,ID,NotViloate,Project Prefix,Rationale,ReqCategory,ReqID,TargetSpec,UserProfileCode,Validation,VerboseDescription
DICOM Collaborative Rendering Speed,PR,"June 5, 2026 10:41 AM",Đạt Trần Tiến (Daves Tran),NFR-1,The user/event response time for transforming a standard DICOM X-ray into a shared collaborative canvas with ML diagnostic overlays SHALL NOT exceed 3.0 seconds.,ULTS,prevention losing the trust and adoption of fast-paced Professional Clinicians (UP2) operating under intense multitasking and heavy ward volumes.,Efficiency (Speed & Space),ULTS-PR-NFR-1,"Optimize the interactive workspace canvas performance during the ingestion and
rendering of medical image assets.",UP2,"Deploy network throttling profiles (clamped at exactly 10 Mbps) on a test client terminal. Trigger 100 consecutive DICOM collaborative canvas initializations.
Measure end-to-end latency via automated browser performance scripts.
SUCCESS CRITERIA: 100% of test runs must clock an event duration ≤ 3000ms.","📌 As a result of prevention losing the trust and adoption of fast-paced Professional Clinicians (UP2) operating under intense multitasking and heavy ward volumes., 
⚙️ The system must satisfy: Optimize the interactive workspace canvas performance during the ingestion and
rendering of medical image assets., 
🛑 And it shall not violate: The user/event response time for transforming a standard DICOM X-ray into a shared collaborative canvas with ML diagnostic overlays SHALL NOT exceed 3.0 seconds.."
Client Memory Footprint & Constraints,PR,"June 5, 2026 11:13 AM",Đạt Trần Tiến (Daves Tran),NFR-4,The active client application memory allocation SHALL NOT exceed 150 Mbytes of RAM during an ongoing multi-user collaborative review session. Additionally the program have to run on client hardware devices with baseline configurations down to 3GB total RAM.,ULTS,"Practitioners (UP3) operate in resource-constrained provincial and commune
clinics using legacy mobile and tablet form-factors with limited system memory.",Efficiency (Speed & Space),ULTS-PR-NFR-4,Constrain the runtime store occupancy of the active browser application workspace.,UP3,"Connect a low-end test tablet to Chrome DevTools Memory Profiler. Initialize a 4-user
shared collaborative workshop session. Simulate continuous annotation changes for
30 minutes.
SUCCESS CRITERIA: Peak heap memory allocation logged in heap snapshots must stay strictly below 150MB, with 0 instances of OS-level browser crashes.","📌 As a result of Practitioners (UP3) operate in resource-constrained provincial and commune
clinics using legacy mobile and tablet form-factors with limited system memory., 
⚙️ The system must satisfy: Constrain the runtime store occupancy of the active browser application workspace., 
🛑 And it shall not violate: The active client application memory allocation SHALL NOT exceed 150 Mbytes of RAM during an ongoing multi-user collaborative review session. Additionally the program have to run on client hardware devices with baseline configurations down to 3GB total RAM.."
Core Vision Inference Latency Limit,PR,"June 5, 2026 11:16 AM",Đạt Trần Tiến (Daves Tran),NFR-5,The processing time for raw DICOM matrix parsing and diagnostic bounding-box generation SHALL NOT exceed 1.5 seconds. Additionally the computation must be calculated locally on the designated on-premise local server configuration node.,ULTS,"prevention local compute bottlenecks from pushing the overall collaborative
workspace sync execution beyond the critical user threshold.",Efficiency (Speed & Space),ULTS-PR-NFR-5,The local computer vision model must complete image processing rapidly on the edge tier.,UP2,"Inject a test batch of 500 un-analyzed musculoskeletal DICOM files into the
local image processing queue. Read backend server performance tracing timestamps.
SUCCESS CRITERIA: Arithmetic mean of inference execution time must be ≤ 1500ms,
with a maximum upper bound outlier limit of 1800ms.","📌 As a result of prevention local compute bottlenecks from pushing the overall collaborative
workspace sync execution beyond the critical user threshold., 
⚙️ The system must satisfy: The local computer vision model must complete image processing rapidly on the edge tier., 
🛑 And it shall not violate: The processing time for raw DICOM matrix parsing and diagnostic bounding-box generation SHALL NOT exceed 1.5 seconds. Additionally the computation must be calculated locally on the designated on-premise local server configuration node.."
Server-Side Edge Model Quantization,PR,"June 5, 2026 11:20 AM",Đạt Trần Tiến (Daves Tran),NFR-6,"The active memory allocation of the deployed models SHALL NOT require more than
2 GB of VRAM on the target server nodes, and the system shall have to execute on local server nodes or specialized on-premise clinical workstations.",ULTS,"prevention hardware resource exhaustion on local public hospital servers and keep
deployment costs sustainable for district clinics.",Efficiency (Speed & Space),ULTS-PR-NFR-6,Apply optimization protocols to the deployed musculoskeletal computer vision models.,UP2,"Boot up the localized AI model server container cluster. Query GPU hardware parameters via
system telemetry CLI commands (e.g., nvidia-smi) during peak load tasks.
SUCCESS CRITERIA: System-reported dedicated VRAM consumption per inference runner
must remain under 2.0 GB.","📌 As a result of prevention hardware resource exhaustion on local public hospital servers and keep
deployment costs sustainable for district clinics., 
⚙️ The system must satisfy: Apply optimization protocols to the deployed musculoskeletal computer vision models., 
🛑 And it shall not violate: The active memory allocation of the deployed models SHALL NOT require more than
2 GB of VRAM on the target server nodes, and the system shall have to execute on local server nodes or specialized on-premise clinical workstations.."
Real-Time UI Screen Refresh (Token Streaming),PR,"June 5, 2026 11:24 AM",Đạt Trần Tiến (Daves Tran),NFR-7,The initial UI screen refresh response time for text generation SHALL NOT be greater than 200 milliseconds from the moment inference begins. Also the system SHALL be able to rendered within standard browsers on legacy field-deployed budget tablets.,ULTS,"the acomodation of low-performance client screens and prevent UI freezing while
Practitioners (UP3) manage heavy, fast-moving clinical queues.",Efficiency (Speed & Space),ULTS-PR-NFR-7,Utilize a server-side processing architecture that pushes model text outputs as an asynchronous data stream.,UP3,"Trigger 50 distinct patient summary generation prompts on a legacy tablet.
Capture screen-to-render timelines using programmatic UI tracing (Time to First Token).
SUCCESS CRITERIA: The duration between user request submit and the rendering of
the first character on-screen must be ≤ 200ms in 100% of test cycles.","📌 As a result of the acomodation of low-performance client screens and prevent UI freezing while
Practitioners (UP3) manage heavy, fast-moving clinical queues., 
⚙️ The system must satisfy: Utilize a server-side processing architecture that pushes model text outputs as an asynchronous data stream., 
🛑 And it shall not violate: The initial UI screen refresh response time for text generation SHALL NOT be greater than 200 milliseconds from the moment inference begins. Also the system SHALL be able to rendered within standard browsers on legacy field-deployed budget tablets.."
Local Network Fault Tolerance (Robustness),PR,"June 5, 2026 11:27 AM",Đạt Trần Tiến (Daves Tran),NFR-8,"The objective probability of data corruption upon unexpected local connection failure
SHALL BE EXACTLY 0%, additional the system shall be able to Active / Remember the user-request during unexpected mid-session Wi-Fi disconnections or data link failures.",ULTS,"Rural district and commune-level healthcare nodes suffer from highly unstable
local network connectivity and frequent local Wi-Fi dropouts.",Dependability & Robustness,ULTS-PR-NFR-8,Integrate automated client-side data caching layers and silent background sync pipelines.,UNK,"Open an active collaborative review session on a client device. While drawing
canvas annotations, disconnect the clinic's local network router. Continue drawing 5 additions.
Restore router power after 60 seconds. Inspect the central database state.
SUCCESS CRITERIA: 0% data structural loss or canvas layer corruption. All offline edits
must synchronize seamlessly to the local server within 2.0 seconds of reconnection.","📌 As a result of Rural district and commune-level healthcare nodes suffer from highly unstable
local network connectivity and frequent local Wi-Fi dropouts., 
⚙️ The system must satisfy: Integrate automated client-side data caching layers and silent background sync pipelines., 
🛑 And it shall not violate: The objective probability of data corruption upon unexpected local connection failure
SHALL BE EXACTLY 0%, additional the system shall be able to Active / Remember the user-request during unexpected mid-session Wi-Fi disconnections or data link failures.."
Localized System Availability Matrix,PR,"June 5, 2026 11:30 AM",Đạt Trần Tiến (Daves Tran),NFR-9,"Local system availability SHALL NOT fall below a rate of 99.9% during official public
sector operating windows. Unexpected system downtime SHALL NOT exceed 45 seconds in any single day. Given the context that Mon–Fri, 07:00–16:30 (including lunch service from 11:30–13:30); selected evening windows
(17:00–20:00); continuous 24/7 coverage for emergency room department instances.",ULTS,"the condition that system must remain constantly online during standard and extended operating blocks
to prevent administrative blockages in crowded public patient queues.",Dependability & Robustness,ULTS-PR-NFR-9,"Ensure reliable, continuous local cluster operations without service interruptions.",UNK,"Review availability tracking logs generated by automated site reliability tools
(e.g., Prometheus/Grafana) continuously across a 30-day monitoring trial.
SUCCESS CRITERIA: Uptime logs must confirm ≤ 99.9% availability across all
designated operational shift blocks, with no un-escalated crashes exceeding 45 seconds.","📌 As a result of the condition that system must remain constantly online during standard and extended operating blocks
to prevent administrative blockages in crowded public patient queues., 
⚙️ The system must satisfy: Ensure reliable, continuous local cluster operations without service interruptions., 
🛑 And it shall not violate: Local system availability SHALL NOT fall below a rate of 99.9% during official public
sector operating windows. Unexpected system downtime SHALL NOT exceed 45 seconds in any single day. Given the context that Mon–Fri, 07:00–16:30 (including lunch service from 11:30–13:30); selected evening windows
(17:00–20:00); continuous 24/7 coverage for emergency room department instances.."
Automated Generative Safety Guardrails,PR,"June 5, 2026 11:33 AM",Đạt Trần Tiến (Daves Tran),NFR-10,"Less than 90% verification processing is prohibited (on these metric: Faithfulness / Groundedness Score, Policy Compliance Rate, Jailbreak/Toxicity Detection Rate, and Latency & Token Usage) ; 100% of LLM-generated patient text
explanations SHALL pass verification before rendering on the client interface.",ULTS,"the constrain that system have to safely insulate Support Staff & Patients (UP4) from unverified text outputs,
translation errors, or inappropriate medical claims.",Dependability & Robustness,ULTS-PR-NFR-10,"Intercept raw model generation streams with an automated verification layer
(e.g., NVIDIA NeMo Guardrails or Llama Guard).  This constrain have to apply to all outward-facing user communications and text interfaces. ",UP4,"Inject a test suite containing 200 adversarial prompts designed to trigger unsafe medical
claims or guideline deviations. Analyze the resulting UI delivery logs.
SUCCESS CRITERIA: The system must successfully catch, block, or rewrite 100% of the
violating outputs, displaying a safe fallback notification instead.","📌 As a result of the constrain that system have to safely insulate Support Staff & Patients (UP4) from unverified text outputs,
translation errors, or inappropriate medical claims., 
⚙️ The system must satisfy: Intercept raw model generation streams with an automated verification layer
(e.g., NVIDIA NeMo Guardrails or Llama Guard).  This constrain have to apply to all outward-facing user communications and text interfaces. , 
🛑 And it shall not violate: Less than 90% verification processing is prohibited (on these metric: Faithfulness / Groundedness Score, Policy Compliance Rate, Jailbreak/Toxicity Detection Rate, and Latency & Token Usage) ; 100% of LLM-generated patient text
explanations SHALL pass verification before rendering on the client interface.."
Frontline Usability & Training Curve,PR,"June 5, 2026 11:42 AM",Đạt Trần Tiến (Daves Tran),NFR-11,"The required onboarding training window to achieve independent user proficiency SHALL NOT
exceed 45 minutes. The subsequent average error rate SHALL NOT exceed 1 configuration slip per week.",ULTS,"Frontline Practitioners and Support Staff, and Patient exhibit low digital confidence and face severe
daily time constraints, making them resistant to tools that require complex setups.",Usability (Ease of Use),ULTS-PR-NFR-11,"Simplify user interaction flows for core workflows (patient registration, queue routing,
and media casting).","UP2, UP3, UP4","Run a validation test with 30 target users (Profiles 3 & 4). Provide a standard 45-minute
instructional session. Task users with processing a mock 10-patient throughput queue. Log
operational missteps over their first week of live work. Also ones have to run the evaluation on frontline staff with typical vocational/basic/ entry-level healthcare backgrounds.
SUCCESS CRITERIA: 90% or more of participants must pass the initial throughput test
independently, with a tracked post-onboarding error rate ≤ 1 configuration slip per week.  - ","📌 As a result of Frontline Practitioners and Support Staff, and Patient exhibit low digital confidence and face severe
daily time constraints, making them resistant to tools that require complex setups., 
⚙️ The system must satisfy: Simplify user interaction flows for core workflows (patient registration, queue routing,
and media casting)., 
🛑 And it shall not violate: The required onboarding training window to achieve independent user proficiency SHALL NOT
exceed 45 minutes. The subsequent average error rate SHALL NOT exceed 1 configuration slip per week.."
Zero-Friction Explainability Integration,ORG,"June 5, 2026 11:58 AM",Đạt Trần Tiến (Daves Tran),NFR-12,"Accessing baseline model confidence intervals or guideline justifications SHALL require
EXACTLY 0 extra user clicks or separate modal pop-up windows. - and the model’s result have to displayed inside the primary medical viewport layout used during image interpretation.",ULTS,"Senior Experts (UP1) & professional-clinicians have an exceptionally low tolerance for workflow friction and
remain highly skeptical of opaque, un-verifiable ""black-box"" systems.",Operational Process,ULTS-ORG-NFR-12,"Display automated safety checks, objective alerts, and validation states cleanly within
the specialist's primary visual focus field.","UP1, UP2","Open a clinical record entry as a UP1 user. Use a UI click-tracking extension to log
the step count required to read the model's confidence scores.
SUCCESS CRITERIA: Information must render automatically alongside the image asset.
The recorded click count to reveal basic explanation data must be exactly zero.","📌 As a result of Senior Experts (UP1) & professional-clinicians have an exceptionally low tolerance for workflow friction and
remain highly skeptical of opaque, un-verifiable ""black-box"" systems., 
⚙️ The system must satisfy: Display automated safety checks, objective alerts, and validation states cleanly within
the specialist's primary visual focus field., 
🛑 And it shall not violate: Accessing baseline model confidence intervals or guideline justifications SHALL require
EXACTLY 0 extra user clicks or separate modal pop-up windows. - and the model’s result have to displayed inside the primary medical viewport layout used during image interpretation.."
Spatial Layer-Activation Mapping (The Anti-Black-Box Mandate),ORG,"June 5, 2026 12:16 PM",Đạt Trần Tiến (Daves Tran),NFR-13,"The vision stack SHALL natively output spatial layer-activation maps (such as Grad-CAM overlays).
Displaying these anatomical heatmaps upon selecting an identified finding SHALL require zero extra clicks, during all automated musculoskeletal pathology screening tasks.",ULTS,"establishing the immediate clinical trust and give Senior Experts & Professional Expert (UP2, UP1) clear, objective
evidence to justify diagnosis choices and manage legal liabilities.","The ""Anti-Black-Box"" Mandate",ULTS-ORG-NFR-13,Expose the exact spatial foundations of the machine learning model's diagnostic conclusions.,"UP1, UP2","Process a standard diagnostic session. Select an automated finding label on the interface.
Observe viewport updates.
SUCCESS CRITERIA: The corresponding region of interest on the X-ray must instantly
highlight its Grad-CAM layer activation overlay with zero intermediate user input.","📌 As a result of establishing the immediate clinical trust and give Senior Experts & Professional Expert (UP2, UP1) clear, objective
evidence to justify diagnosis choices and manage legal liabilities., 
⚙️ The system must satisfy: Expose the exact spatial foundations of the machine learning model's diagnostic conclusions., 
🛑 And it shall not violate: The vision stack SHALL natively output spatial layer-activation maps (such as Grad-CAM overlays).
Displaying these anatomical heatmaps upon selecting an identified finding SHALL require zero extra clicks, during all automated musculoskeletal pathology screening tasks.."
Legacy Local Hardware Compatibility,ORG,"June 5, 2026 12:30 PM",Đạt Trần Tiến (Daves Tran),NFR-14,"The user interface modules SHALL NOT require a dedicated external client-side GPU or hardware
neural accelerator. The system must operate seamlessly on tablet form-factors running
Android 10+ with as little as 3GB of RAM. Also, the system shall be applicable to all field-deployed operational and patient-facing user portals.",ULTS,"Severe hardware shortages and legacy systems are common across rural district and commune clinics.
",Environmental,ULTS-ORG-NFR-14,Ensure the user applications run smoothly on existing low-end client hardware assets.,UNK,"Install the client web application on an entry-level Android 10 test tablet (equipped with exactly
3GB RAM and an integrated low-tier mobile processor). Run a complete end-to-end patient flow.
SUCCESS CRITERIA: Frame rendering rates must stay ≤ 30 frames per second, with
zero hardware-induced memory crashes or system hangs.","📌 As a result of Severe hardware shortages and legacy systems are common across rural district and commune clinics.
, 
⚙️ The system must satisfy: Ensure the user applications run smoothly on existing low-end client hardware assets., 
🛑 And it shall not violate: The user interface modules SHALL NOT require a dedicated external client-side GPU or hardware
neural accelerator. The system must operate seamlessly on tablet form-factors running
Android 10+ with as little as 3GB of RAM. Also, the system shall be applicable to all field-deployed operational and patient-facing user portals.."
National EMR Compliance (Circular 46/2018/TT-BYT),ER,"June 5, 2026 12:32 PM",Đạt Trần Tiến (Daves Tran),NFR-15,"Any data processing architecture that breaks the provisions of the Vietnamese Ministry
of Health’s Circular 46/2018/TT-BYT governing electronic medical records is strictly prohibited. Additionally, the system have to governs all patient medical histories, clinical records, and diagnostic storage pipelines, and the hospital & the user shall own this.",ULTS,"addressing intense legal liability concerns raised by Senior Experts (UP1) and Clinical
Directors regarding health data processing.",Legislative & Regulatory,ULTS-ER-NFR-15,"Build data security & data-minimization models, anonymization logic, and electronic transfer handoffs that conform to national laws.",UP1,"Submit the complete application architectural specification, encryption protocols, and data data
handling designs to a certified medical compliance auditor or legal team.
SUCCESS CRITERIA: Obtain a formal compliance sign-off confirming 100% alignment with
Circular 46/2018/TT-BYT.","📌 As a result of addressing intense legal liability concerns raised by Senior Experts (UP1) and Clinical
Directors regarding health data processing., 
⚙️ The system must satisfy: Build data security & data-minimization models, anonymization logic, and electronic transfer handoffs that conform to national laws., 
🛑 And it shall not violate: Any data processing architecture that breaks the provisions of the Vietnamese Ministry
of Health’s Circular 46/2018/TT-BYT governing electronic medical records is strictly prohibited. Additionally, the system have to governs all patient medical histories, clinical records, and diagnostic storage pipelines, and the hospital & the user shall own this.."
Local Intranet Cloud & Air-Gapped Data Isolation,ER,"June 5, 2026 12:35 PM",Đạt Trần Tiến (Daves Tran),NFR-16,"The platform tech stack (Llama-3, PhoGPT, or MedGemma) SHALL NOT transmit any diagnostic or
identifiable clinical information across the public internet. External cloud processing (that outside Vietnam) is prohibited. Only execute & deployed on on-premise servers, local intranet infrastructures, or isolated specialist machines.",ULTS,"the Public health laws protection on medical data sovereignty, making it illegal to use public,
commercial cloud AI APIs where patient data leaves the national borders.",Ethical & Safety,ULTS-ER-NFR-16,"Restrict the platform's execution, storage, and model evaluation environments to internal networks.",UNK,"Boot up the full platform cascade. Trigger active DICOM analysis and text generation tasks on a
client machine. Run a network packet analyzer (e.g., Wireshark) on the outward-facing router port.
SUCCESS CRITERIA: 100% of packets containing health or analysis records must resolve inside local
IP ranges (LAN). Outbound public internet traffic matching these profiles must remain exactly zero.","📌 As a result of the Public health laws protection on medical data sovereignty, making it illegal to use public,
commercial cloud AI APIs where patient data leaves the national borders., 
⚙️ The system must satisfy: Restrict the platform's execution, storage, and model evaluation environments to internal networks., 
🛑 And it shall not violate: The platform tech stack (Llama-3, PhoGPT, or MedGemma) SHALL NOT transmit any diagnostic or
identifiable clinical information across the public internet. External cloud processing (that outside Vietnam) is prohibited. Only execute & deployed on on-premise servers, local intranet infrastructures, or isolated specialist machines.."
Cryptographic Accountability Logging,ER,"June 5, 2026 12:37 PM",Đạt Trần Tiến (Daves Tran),NFR-17,"The application layer SHALL NOT allow any user, including database administrators, to alter or delete the logs. Every action where an AI recommendation is accepted or overridden must be saved immutably. - This constrain have to apply to all active clinical screening and diagnostic check workflows.",ULTS,"the need oreliable audit trails that help Professional Clinicians (UP2) justify their
treatment paths upward and satisfy institutional safety standards.",Ethical & Safety,ULTS-ER-NFR-17,Maintain a highly secure ledger recording every clinical decision point that interacts with AI insights.,UP2,"Log into the system back-end using full database administrator (DBA) root privileges. Attempt to execute
SQL UPDATE or DELETE commands directly on the clinical_decision_ledger table.
SUCCESS CRITERIA: The database kernel must block the transaction with a fatal database permission
error, proving Row-Level Security and append-only constraints are working.","📌 As a result of the need oreliable audit trails that help Professional Clinicians (UP2) justify their
treatment paths upward and satisfy institutional safety standards., 
⚙️ The system must satisfy: Maintain a highly secure ledger recording every clinical decision point that interacts with AI insights., 
🛑 And it shall not violate: The application layer SHALL NOT allow any user, including database administrators, to alter or delete the logs. Every action where an AI recommendation is accepted or overridden must be saved immutably. - This constrain have to apply to all active clinical screening and diagnostic check workflows.."
MOH Guideline-Anchored RAG Pipeline,ER,"June 5, 2026 12:39 PM",Đạt Trần Tiến (Daves Tran),NFR-18,"The system SHALL NOT render open-ended clinical text summaries that do not append a clear, traceable
footnote citation referencing official Ministry of Health (MOH) medical protocols. - This constrain have to active across all patient education modules and text summary generators.",ULTS,"Large Language Models hallucination on factual errors, which could present dangerous or misleading
medical claims to patients.",Ethical & Safety,ULTS-ER-NFR-18,"Restrict the model's educational text generation by using Retrieval-Augmented Generation (RAG)
tied to official health guidelines.",UNK,"Run a suite of 100 patient information queries through the generation pipeline. Use semantic
evaluation scripts to compare the output text strings against your verified guideline database.
SUCCESS CRITERIA: 100% of the generated outputs must include a verifiable source footnote ID,
showing an objective mathematical semantic alignment match (≤ 0.85 cosine similarity)
with official MOH protocols.","📌 As a result of Large Language Models hallucination on factual errors, which could present dangerous or misleading
medical claims to patients., 
⚙️ The system must satisfy: Restrict the model's educational text generation by using Retrieval-Augmented Generation (RAG)
tied to official health guidelines., 
🛑 And it shall not violate: The system SHALL NOT render open-ended clinical text summaries that do not append a clear, traceable
footnote citation referencing official Ministry of Health (MOH) medical protocols. - This constrain have to active across all patient education modules and text summary generators.."
Human-in-the-Loop (HITL) Clinical Gatekeeping,ER,"June 5, 2026 12:40 PM",Đạt Trần Tiến (Daves Tran),NFR-19,"The database layer SHALL NOT allow any automated ML/LLM diagnosis asset or report
to transition to a 'FINALIZED', 'ARCHIVED', or 'PATIENT_ACCESSIBLE' status code without an authenticating digital signature from a licensed human clinician.  The constrain shall apply to 100% of diagnostic sessions, triage check-sheets, and generated
musculoskeletal patient-education outputs before saving.",ULTS,"the need of mitigating the medical liability, prevention the downstream propagation of AI
hallucinations or edge-case diagnostic errors, and ensure that final clinical
accountability rests solely with a licensed human medical practitioner.",Ethical & Safety,ULTS-ER-NFR-19,"Implement an architectural air-gap gatekeeper where no automated ML insights or
generative patient summaries can be committed to the official Electronic Medical
Record (EMR) or finalized for patient distribution without explicit human sign-off.",UNK,"Attempt to programmatically bypass the UI and send a raw API transaction to commit
an automated MedGemma diagnostic report directly to the patient's EMR table with
the licensed_clinician_id column left blank or null.
SUCCESS CRITERIA: The local server database kernel must instantly abort the transaction,
triggering a foreign key or check constraint failure that rolls back the write operation.","📌 As a result of the need of mitigating the medical liability, prevention the downstream propagation of AI
hallucinations or edge-case diagnostic errors, and ensure that final clinical
accountability rests solely with a licensed human medical practitioner., 
⚙️ The system must satisfy: Implement an architectural air-gap gatekeeper where no automated ML insights or
generative patient summaries can be committed to the official Electronic Medical
Record (EMR) or finalized for patient distribution without explicit human sign-off., 
🛑 And it shall not violate: The database layer SHALL NOT allow any automated ML/LLM diagnosis asset or report
to transition to a 'FINALIZED', 'ARCHIVED', or 'PATIENT_ACCESSIBLE' status code without an authenticating digital signature from a licensed human clinician.  The constrain shall apply to 100% of diagnostic sessions, triage check-sheets, and generated
musculoskeletal patient-education outputs before saving.."